feedback,sentiment
I appreciate how the online application portal gave clear guidance after online registration.,positive
"I appreciate how the online application portal handled my request politely under the revised procedure, and I value that experience.",positive
"Regarding the licence renewal service, i appreciate how the it worked smoothly on my phone as part of the current programme.",positive
I appreciate how the licence renewal service resolved my issue quickly from the official service portal. This was helpful for my request.,positive
"I appreciate how the public transport helpdesk responded within a day for residents in this area, and I value that experience.",positive
"Regarding the public transport helpdesk, i appreciate how the it saved me a visit to the office for eligible applicants.",positive
I appreciate how the housing support office processed my application efficiently subject to document verification.,positive
"I appreciate how the housing support office made the process easy during normal working hours, and I value that experience.",positive
"Regarding the citizen grievance portal, i appreciate how the it provided useful updates until further notice.",positive
I appreciate how the citizen grievance portal explained every step clearly in the next service cycle. This was helpful for my request.,positive
"I appreciate how the district service centre gave clear guidance after online registration, and I value that experience.",positive
"Regarding the district service centre, i appreciate how the it handled my request politely under the revised procedure.",positive
I appreciate how the water connection process worked smoothly on my phone as part of the current programme.,positive
"I appreciate how the water connection process resolved my issue quickly from the official service portal, and I value that experience.",positive
"Regarding the benefit application system, i appreciate how the it responded within a day for residents in this area.",positive
I appreciate how the benefit application system saved me a visit to the office for eligible applicants. This was helpful for my request.,positive
"I appreciate how the municipal helpline processed my application efficiently subject to document verification, and I value that experience.",positive
"Regarding the municipal helpline, i appreciate how the it made the process easy during normal working hours.",positive
I appreciate how the document upload page provided useful updates until further notice.,positive
"I appreciate how the document upload page explained every step clearly in the next service cycle, and I value that experience.",positive
"Regarding the online application portal, the it gave clear guidance after online registration.",positive
The online application portal handled my request politely under the revised procedure. This was helpful for my request.,positive
"The licence renewal service worked smoothly on my phone as part of the current programme, and I value that experience.",positive
"Regarding the licence renewal service, the it resolved my issue quickly from the official service portal.",positive
The public transport helpdesk responded within a day for residents in this area.,positive
"The public transport helpdesk saved me a visit to the office for eligible applicants, and I value that experience.",positive
"Regarding the housing support office, the it processed my application efficiently subject to document verification.",positive
The housing support office made the process easy during normal working hours. This was helpful for my request.,positive
"The citizen grievance portal provided useful updates until further notice, and I value that experience.",positive
"Regarding the citizen grievance portal, the it explained every step clearly in the next service cycle.",positive
The district service centre gave clear guidance after online registration.,positive
"The district service centre handled my request politely under the revised procedure, and I value that experience.",positive
"Regarding the water connection process, the it worked smoothly on my phone as part of the current programme.",positive
The water connection process resolved my issue quickly from the official service portal. This was helpful for my request.,positive
"The benefit application system responded within a day for residents in this area, and I value that experience.",positive
"Regarding the benefit application system, the it saved me a visit to the office for eligible applicants.",positive
The municipal helpline processed my application efficiently subject to document verification.,positive
"The municipal helpline made the process easy during normal working hours, and I value that experience.",positive
"Regarding the document upload page, the it provided useful updates until further notice.",positive
The document upload page explained every step clearly in the next service cycle. This was helpful for my request.,positive
"My experience with the online application portal gave clear guidance after online registration, and I value that experience.",positive
"Regarding the online application portal, my experience with the it handled my request politely under the revised procedure.",positive
My experience with the licence renewal service worked smoothly on my phone as part of the current programme.,positive
"My experience with the licence renewal service resolved my issue quickly from the official service portal, and I value that experience.",positive
"Regarding the public transport helpdesk, my experience with the it responded within a day for residents in this area.",positive
My experience with the public transport helpdesk saved me a visit to the office for eligible applicants. This was helpful for my request.,positive
"My experience with the housing support office processed my application efficiently subject to document verification, and I value that experience.",positive
"Regarding the housing support office, my experience with the it made the process easy during normal working hours.",positive
My experience with the citizen grievance portal provided useful updates until further notice.,positive
"My experience with the citizen grievance portal explained every step clearly in the next service cycle, and I value that experience.",positive
"Regarding the district service centre, my experience with the it gave clear guidance after online registration.",positive
My experience with the district service centre handled my request politely under the revised procedure. This was helpful for my request.,positive
"My experience with the water connection process worked smoothly on my phone as part of the current programme, and I value that experience.",positive
"Regarding the water connection process, my experience with the it resolved my issue quickly from the official service portal.",positive
My experience with the benefit application system responded within a day for residents in this area.,positive
"My experience with the benefit application system saved me a visit to the office for eligible applicants, and I value that experience.",positive
"Regarding the municipal helpline, my experience with the it processed my application efficiently subject to document verification.",positive
My experience with the municipal helpline made the process easy during normal working hours. This was helpful for my request.,positive
"My experience with the document upload page provided useful updates until further notice, and I value that experience.",positive
"Regarding the document upload page, my experience with the it explained every step clearly in the next service cycle.",positive
I was pleased because the online application portal gave clear guidance after online registration.,positive
"I was pleased because the online application portal handled my request politely under the revised procedure, and I value that experience.",positive
"Regarding the licence renewal service, i was pleased because the it worked smoothly on my phone as part of the current programme.",positive
I was pleased because the licence renewal service resolved my issue quickly from the official service portal. This was helpful for my request.,positive
"I was pleased because the public transport helpdesk responded within a day for residents in this area, and I value that experience.",positive
"Regarding the public transport helpdesk, i was pleased because the it saved me a visit to the office for eligible applicants.",positive
I was pleased because the housing support office processed my application efficiently subject to document verification.,positive
"I was pleased because the housing support office made the process easy during normal working hours, and I value that experience.",positive
"Regarding the citizen grievance portal, i was pleased because the it provided useful updates until further notice.",positive
I was pleased because the citizen grievance portal explained every step clearly in the next service cycle. This was helpful for my request.,positive
"I was pleased because the district service centre gave clear guidance after online registration, and I value that experience.",positive
"Regarding the district service centre, i was pleased because the it handled my request politely under the revised procedure.",positive
I was pleased because the water connection process worked smoothly on my phone as part of the current programme.,positive
"I was pleased because the water connection process resolved my issue quickly from the official service portal, and I value that experience.",positive
"Regarding the benefit application system, i was pleased because the it responded within a day for residents in this area.",positive
I was pleased because the benefit application system saved me a visit to the office for eligible applicants. This was helpful for my request.,positive
"I was pleased because the municipal helpline processed my application efficiently subject to document verification, and I value that experience.",positive
"Regarding the municipal helpline, i was pleased because the it made the process easy during normal working hours.",positive
I was pleased because the document upload page provided useful updates until further notice.,positive
"I was pleased because the document upload page explained every step clearly in the next service cycle, and I value that experience.",positive
"Regarding the online application portal, the staff at the it gave clear guidance after online registration.",positive
The staff at the online application portal handled my request politely under the revised procedure. This was helpful for my request.,positive
"The staff at the licence renewal service worked smoothly on my phone as part of the current programme, and I value that experience.",positive
"Regarding the licence renewal service, the staff at the it resolved my issue quickly from the official service portal.",positive
The staff at the public transport helpdesk responded within a day for residents in this area.,positive
"The staff at the public transport helpdesk saved me a visit to the office for eligible applicants, and I value that experience.",positive
"Regarding the housing support office, the staff at the it processed my application efficiently subject to document verification.",positive
The staff at the housing support office made the process easy during normal working hours. This was helpful for my request.,positive
"The staff at the citizen grievance portal provided useful updates until further notice, and I value that experience.",positive
"Regarding the citizen grievance portal, the staff at the it explained every step clearly in the next service cycle.",positive
The staff at the district service centre gave clear guidance after online registration.,positive
"The staff at the district service centre handled my request politely under the revised procedure, and I value that experience.",positive
"Regarding the water connection process, the staff at the it worked smoothly on my phone as part of the current programme.",positive
The staff at the water connection process resolved my issue quickly from the official service portal. This was helpful for my request.,positive
"The staff at the benefit application system responded within a day for residents in this area, and I value that experience.",positive
"Regarding the benefit application system, the staff at the it saved me a visit to the office for eligible applicants.",positive
The staff at the municipal helpline processed my application efficiently subject to document verification.,positive
"The staff at the municipal helpline made the process easy during normal working hours, and I value that experience.",positive
"Regarding the document upload page, the staff at the it provided useful updates until further notice.",positive
The staff at the document upload page explained every step clearly in the next service cycle. This was helpful for my request.,positive
"Using the online application portal gave clear guidance after online registration, and I value that experience.",positive
"Regarding the online application portal, using the it handled my request politely under the revised procedure.",positive
Using the licence renewal service worked smoothly on my phone as part of the current programme.,positive
"Using the licence renewal service resolved my issue quickly from the official service portal, and I value that experience.",positive
"Regarding the public transport helpdesk, using the it responded within a day for residents in this area.",positive
Using the public transport helpdesk saved me a visit to the office for eligible applicants. This was helpful for my request.,positive
"Using the housing support office processed my application efficiently subject to document verification, and I value that experience.",positive
"Regarding the housing support office, using the it made the process easy during normal working hours.",positive
Using the citizen grievance portal provided useful updates until further notice.,positive
"Using the citizen grievance portal explained every step clearly in the next service cycle, and I value that experience.",positive
"Regarding the district service centre, using the it gave clear guidance after online registration.",positive
Using the district service centre handled my request politely under the revised procedure. This was helpful for my request.,positive
"Using the water connection process worked smoothly on my phone as part of the current programme, and I value that experience.",positive
"Regarding the water connection process, using the it resolved my issue quickly from the official service portal.",positive
Using the benefit application system responded within a day for residents in this area.,positive
"Using the benefit application system saved me a visit to the office for eligible applicants, and I value that experience.",positive
"Regarding the municipal helpline, using the it processed my application efficiently subject to document verification.",positive
Using the municipal helpline made the process easy during normal working hours. This was helpful for my request.,positive
"Using the document upload page provided useful updates until further notice, and I value that experience.",positive
"Regarding the document upload page, using the it explained every step clearly in the next service cycle.",positive
I am satisfied with the online application portal gave clear guidance after online registration.,positive
"I am satisfied with the online application portal handled my request politely under the revised procedure, and I value that experience.",positive
"Regarding the licence renewal service, i am satisfied with the it worked smoothly on my phone as part of the current programme.",positive
I am satisfied with the licence renewal service resolved my issue quickly from the official service portal. This was helpful for my request.,positive
"I am satisfied with the public transport helpdesk responded within a day for residents in this area, and I value that experience.",positive
"Regarding the public transport helpdesk, i am satisfied with the it saved me a visit to the office for eligible applicants.",positive
I am satisfied with the housing support office processed my application efficiently subject to document verification.,positive
"I am satisfied with the housing support office made the process easy during normal working hours, and I value that experience.",positive
"Regarding the citizen grievance portal, i am satisfied with the it provided useful updates until further notice.",positive
I am satisfied with the citizen grievance portal explained every step clearly in the next service cycle. This was helpful for my request.,positive
"I am satisfied with the district service centre gave clear guidance after online registration, and I value that experience.",positive
"Regarding the district service centre, i am satisfied with the it handled my request politely under the revised procedure.",positive
I am satisfied with the water connection process worked smoothly on my phone as part of the current programme.,positive
"I am satisfied with the water connection process resolved my issue quickly from the official service portal, and I value that experience.",positive
"Regarding the benefit application system, i am satisfied with the it responded within a day for residents in this area.",positive
I am satisfied with the benefit application system saved me a visit to the office for eligible applicants. This was helpful for my request.,positive
"I am satisfied with the municipal helpline processed my application efficiently subject to document verification, and I value that experience.",positive
"Regarding the municipal helpline, i am satisfied with the it made the process easy during normal working hours.",positive
I am satisfied with the document upload page provided useful updates until further notice.,positive
"I am satisfied with the document upload page explained every step clearly in the next service cycle, and I value that experience.",positive
"Regarding the online application portal, our family found the it gave clear guidance after online registration.",positive
Our family found the online application portal handled my request politely under the revised procedure. This was helpful for my request.,positive
"Our family found the licence renewal service worked smoothly on my phone as part of the current programme, and I value that experience.",positive
"Regarding the licence renewal service, our family found the it resolved my issue quickly from the official service portal.",positive
Our family found the public transport helpdesk responded within a day for residents in this area.,positive
"Our family found the public transport helpdesk saved me a visit to the office for eligible applicants, and I value that experience.",positive
"Regarding the housing support office, our family found the it processed my application efficiently subject to document verification.",positive
Our family found the housing support office made the process easy during normal working hours. This was helpful for my request.,positive
"Our family found the citizen grievance portal provided useful updates until further notice, and I value that experience.",positive
"Regarding the citizen grievance portal, our family found the it explained every step clearly in the next service cycle.",positive
Our family found the district service centre gave clear guidance after online registration.,positive
"Our family found the district service centre handled my request politely under the revised procedure, and I value that experience.",positive
"Regarding the water connection process, our family found the it worked smoothly on my phone as part of the current programme.",positive
Our family found the water connection process resolved my issue quickly from the official service portal. This was helpful for my request.,positive
"Our family found the benefit application system responded within a day for residents in this area, and I value that experience.",positive
"Regarding the benefit application system, our family found the it saved me a visit to the office for eligible applicants.",positive
Our family found the municipal helpline processed my application efficiently subject to document verification.,positive
"Our family found the municipal helpline made the process easy during normal working hours, and I value that experience.",positive
"Regarding the document upload page, our family found the it provided useful updates until further notice.",positive
Our family found the document upload page explained every step clearly in the next service cycle. This was helpful for my request.,positive
"The recent improvement to the online application portal gave clear guidance after online registration, and I value that experience.",positive
"Regarding the online application portal, the recent improvement to the it handled my request politely under the revised procedure.",positive
The recent improvement to the licence renewal service worked smoothly on my phone as part of the current programme.,positive
"The recent improvement to the licence renewal service resolved my issue quickly from the official service portal, and I value that experience.",positive
"Regarding the public transport helpdesk, the recent improvement to the it responded within a day for residents in this area.",positive
The recent improvement to the public transport helpdesk saved me a visit to the office for eligible applicants. This was helpful for my request.,positive
"The recent improvement to the housing support office processed my application efficiently subject to document verification, and I value that experience.",positive
"Regarding the housing support office, the recent improvement to the it made the process easy during normal working hours.",positive
The recent improvement to the citizen grievance portal provided useful updates until further notice.,positive
"The recent improvement to the citizen grievance portal explained every step clearly in the next service cycle, and I value that experience.",positive
"Regarding the district service centre, the recent improvement to the it gave clear guidance after online registration.",positive
The recent improvement to the district service centre handled my request politely under the revised procedure. This was helpful for my request.,positive
"The recent improvement to the water connection process worked smoothly on my phone as part of the current programme, and I value that experience.",positive
"Regarding the water connection process, the recent improvement to the it resolved my issue quickly from the official service portal.",positive
The recent improvement to the benefit application system responded within a day for residents in this area.,positive
"The recent improvement to the benefit application system saved me a visit to the office for eligible applicants, and I value that experience.",positive
"Regarding the municipal helpline, the recent improvement to the it processed my application efficiently subject to document verification.",positive
The recent improvement to the municipal helpline made the process easy during normal working hours. This was helpful for my request.,positive
"The recent improvement to the document upload page provided useful updates until further notice, and I value that experience.",positive
"Regarding the document upload page, the recent improvement to the it explained every step clearly in the next service cycle.",positive
"In my case, the online application portal gave clear guidance after online registration.",positive
"In my case, the online application portal handled my request politely under the revised procedure, and I value that experience.",positive
"Regarding the licence renewal service, in my case, the it worked smoothly on my phone as part of the current programme.",positive
"In my case, the licence renewal service resolved my issue quickly from the official service portal. This was helpful for my request.",positive
"In my case, the public transport helpdesk responded within a day for residents in this area, and I value that experience.",positive
"Regarding the public transport helpdesk, in my case, the it saved me a visit to the office for eligible applicants.",positive
"In my case, the housing support office processed my application efficiently subject to document verification.",positive
"In my case, the housing support office made the process easy during normal working hours, and I value that experience.",positive
"Regarding the citizen grievance portal, in my case, the it provided useful updates until further notice.",positive
"In my case, the citizen grievance portal explained every step clearly in the next service cycle. This was helpful for my request.",positive
"In my case, the district service centre gave clear guidance after online registration, and I value that experience.",positive
"Regarding the district service centre, in my case, the it handled my request politely under the revised procedure.",positive
"In my case, the water connection process worked smoothly on my phone as part of the current programme.",positive
"In my case, the water connection process resolved my issue quickly from the official service portal, and I value that experience.",positive
"Regarding the benefit application system, in my case, the it responded within a day for residents in this area.",positive
"In my case, the benefit application system saved me a visit to the office for eligible applicants. This was helpful for my request.",positive
"In my case, the municipal helpline processed my application efficiently subject to document verification, and I value that experience.",positive
"Regarding the municipal helpline, in my case, the it made the process easy during normal working hours.",positive
"In my case, the document upload page provided useful updates until further notice.",positive
"In my case, the document upload page explained every step clearly in the next service cycle, and I value that experience.",positive
I am disappointed because the online application portal keeps showing an error after online registration. This has delayed my request.,negative
"I am disappointed because the online application portal closed my complaint without a solution under the revised procedure, which needs attention.",negative
"Regarding the licence renewal service, i am disappointed because the it did not explain the delay as part of the current programme.",negative
I am disappointed because the licence renewal service has not responded to my request from the official service portal. This has delayed my request.,negative
"I am disappointed because the public transport helpdesk provided unclear instructions for residents in this area, which needs attention.",negative
"Regarding the public transport helpdesk, i am disappointed because the it asked for the same documents repeatedly for eligible applicants.",negative
I am disappointed because the housing support office failed during submission subject to document verification. This has delayed my request.,negative
"I am disappointed because the housing support office made me wait for weeks during normal working hours, which needs attention.",negative
"Regarding the citizen grievance portal, i am disappointed because the it is difficult to use on a phone until further notice.",negative
I am disappointed because the citizen grievance portal transferred me between departments in the next service cycle. This has delayed my request.,negative
"I am disappointed because the district service centre keeps showing an error after online registration, which needs attention.",negative
"Regarding the district service centre, i am disappointed because the it closed my complaint without a solution under the revised procedure.",negative
I am disappointed because the water connection process did not explain the delay as part of the current programme. This has delayed my request.,negative
"I am disappointed because the water connection process has not responded to my request from the official service portal, which needs attention.",negative
"Regarding the benefit application system, i am disappointed because the it provided unclear instructions for residents in this area.",negative
I am disappointed because the benefit application system asked for the same documents repeatedly for eligible applicants. This has delayed my request.,negative
"I am disappointed because the municipal helpline failed during submission subject to document verification, which needs attention.",negative
"Regarding the municipal helpline, i am disappointed because the it made me wait for weeks during normal working hours.",negative
I am disappointed because the document upload page is difficult to use on a phone until further notice. This has delayed my request.,negative
"I am disappointed because the document upload page transferred me between departments in the next service cycle, which needs attention.",negative
"Regarding the online application portal, the it keeps showing an error after online registration.",negative
The online application portal closed my complaint without a solution under the revised procedure. This has delayed my request.,negative
"The licence renewal service did not explain the delay as part of the current programme, which needs attention.",negative
"Regarding the licence renewal service, the it has not responded to my request from the official service portal.",negative
The public transport helpdesk provided unclear instructions for residents in this area. This has delayed my request.,negative
"The public transport helpdesk asked for the same documents repeatedly for eligible applicants, which needs attention.",negative
"Regarding the housing support office, the it failed during submission subject to document verification.",negative
The housing support office made me wait for weeks during normal working hours. This has delayed my request.,negative
"The citizen grievance portal is difficult to use on a phone until further notice, which needs attention.",negative
"Regarding the citizen grievance portal, the it transferred me between departments in the next service cycle.",negative
The district service centre keeps showing an error after online registration. This has delayed my request.,negative
"The district service centre closed my complaint without a solution under the revised procedure, which needs attention.",negative
"Regarding the water connection process, the it did not explain the delay as part of the current programme.",negative
The water connection process has not responded to my request from the official service portal. This has delayed my request.,negative
"The benefit application system provided unclear instructions for residents in this area, which needs attention.",negative
"Regarding the benefit application system, the it asked for the same documents repeatedly for eligible applicants.",negative
The municipal helpline failed during submission subject to document verification. This has delayed my request.,negative
"The municipal helpline made me wait for weeks during normal working hours, which needs attention.",negative
"Regarding the document upload page, the it is difficult to use on a phone until further notice.",negative
The document upload page transferred me between departments in the next service cycle. This has delayed my request.,negative
"My experience with the online application portal keeps showing an error after online registration, which needs attention.",negative
"Regarding the online application portal, my experience with the it closed my complaint without a solution under the revised procedure.",negative
My experience with the licence renewal service did not explain the delay as part of the current programme. This has delayed my request.,negative
"My experience with the licence renewal service has not responded to my request from the official service portal, which needs attention.",negative
"Regarding the public transport helpdesk, my experience with the it provided unclear instructions for residents in this area.",negative
My experience with the public transport helpdesk asked for the same documents repeatedly for eligible applicants. This has delayed my request.,negative
"My experience with the housing support office failed during submission subject to document verification, which needs attention.",negative
"Regarding the housing support office, my experience with the it made me wait for weeks during normal working hours.",negative
My experience with the citizen grievance portal is difficult to use on a phone until further notice. This has delayed my request.,negative
"My experience with the citizen grievance portal transferred me between departments in the next service cycle, which needs attention.",negative
"Regarding the district service centre, my experience with the it keeps showing an error after online registration.",negative
My experience with the district service centre closed my complaint without a solution under the revised procedure. This has delayed my request.,negative
"My experience with the water connection process did not explain the delay as part of the current programme, which needs attention.",negative
"Regarding the water connection process, my experience with the it has not responded to my request from the official service portal.",negative
My experience with the benefit application system provided unclear instructions for residents in this area. This has delayed my request.,negative
"My experience with the benefit application system asked for the same documents repeatedly for eligible applicants, which needs attention.",negative
"Regarding the municipal helpline, my experience with the it failed during submission subject to document verification.",negative
My experience with the municipal helpline made me wait for weeks during normal working hours. This has delayed my request.,negative
"My experience with the document upload page is difficult to use on a phone until further notice, which needs attention.",negative
"Regarding the document upload page, my experience with the it transferred me between departments in the next service cycle.",negative
It is frustrating that the online application portal keeps showing an error after online registration. This has delayed my request.,negative
"It is frustrating that the online application portal closed my complaint without a solution under the revised procedure, which needs attention.",negative
"Regarding the licence renewal service, it is frustrating that the it did not explain the delay as part of the current programme.",negative
It is frustrating that the licence renewal service has not responded to my request from the official service portal. This has delayed my request.,negative
"It is frustrating that the public transport helpdesk provided unclear instructions for residents in this area, which needs attention.",negative
"Regarding the public transport helpdesk, it is frustrating that the it asked for the same documents repeatedly for eligible applicants.",negative
It is frustrating that the housing support office failed during submission subject to document verification. This has delayed my request.,negative
"It is frustrating that the housing support office made me wait for weeks during normal working hours, which needs attention.",negative
"Regarding the citizen grievance portal, it is frustrating that the it is difficult to use on a phone until further notice.",negative
It is frustrating that the citizen grievance portal transferred me between departments in the next service cycle. This has delayed my request.,negative
"It is frustrating that the district service centre keeps showing an error after online registration, which needs attention.",negative
"Regarding the district service centre, it is frustrating that the it closed my complaint without a solution under the revised procedure.",negative
It is frustrating that the water connection process did not explain the delay as part of the current programme. This has delayed my request.,negative
"It is frustrating that the water connection process has not responded to my request from the official service portal, which needs attention.",negative
"Regarding the benefit application system, it is frustrating that the it provided unclear instructions for residents in this area.",negative
It is frustrating that the benefit application system asked for the same documents repeatedly for eligible applicants. This has delayed my request.,negative
"It is frustrating that the municipal helpline failed during submission subject to document verification, which needs attention.",negative
"Regarding the municipal helpline, it is frustrating that the it made me wait for weeks during normal working hours.",negative
It is frustrating that the document upload page is difficult to use on a phone until further notice. This has delayed my request.,negative
"It is frustrating that the document upload page transferred me between departments in the next service cycle, which needs attention.",negative
"Regarding the online application portal, the staff handling the it keeps showing an error after online registration.",negative
The staff handling the online application portal closed my complaint without a solution under the revised procedure. This has delayed my request.,negative
"The staff handling the licence renewal service did not explain the delay as part of the current programme, which needs attention.",negative
"Regarding the licence renewal service, the staff handling the it has not responded to my request from the official service portal.",negative
The staff handling the public transport helpdesk provided unclear instructions for residents in this area. This has delayed my request.,negative
"The staff handling the public transport helpdesk asked for the same documents repeatedly for eligible applicants, which needs attention.",negative
"Regarding the housing support office, the staff handling the it failed during submission subject to document verification.",negative
The staff handling the housing support office made me wait for weeks during normal working hours. This has delayed my request.,negative
"The staff handling the citizen grievance portal is difficult to use on a phone until further notice, which needs attention.",negative
"Regarding the citizen grievance portal, the staff handling the it transferred me between departments in the next service cycle.",negative
The staff handling the district service centre keeps showing an error after online registration. This has delayed my request.,negative
"The staff handling the district service centre closed my complaint without a solution under the revised procedure, which needs attention.",negative
"Regarding the water connection process, the staff handling the it did not explain the delay as part of the current programme.",negative
The staff handling the water connection process has not responded to my request from the official service portal. This has delayed my request.,negative
"The staff handling the benefit application system provided unclear instructions for residents in this area, which needs attention.",negative
"Regarding the benefit application system, the staff handling the it asked for the same documents repeatedly for eligible applicants.",negative
The staff handling the municipal helpline failed during submission subject to document verification. This has delayed my request.,negative
"The staff handling the municipal helpline made me wait for weeks during normal working hours, which needs attention.",negative
"Regarding the document upload page, the staff handling the it is difficult to use on a phone until further notice.",negative
The staff handling the document upload page transferred me between departments in the next service cycle. This has delayed my request.,negative
"Trying to use the online application portal keeps showing an error after online registration, which needs attention.",negative
"Regarding the online application portal, trying to use the it closed my complaint without a solution under the revised procedure.",negative
Trying to use the licence renewal service did not explain the delay as part of the current programme. This has delayed my request.,negative
"Trying to use the licence renewal service has not responded to my request from the official service portal, which needs attention.",negative
"Regarding the public transport helpdesk, trying to use the it provided unclear instructions for residents in this area.",negative
Trying to use the public transport helpdesk asked for the same documents repeatedly for eligible applicants. This has delayed my request.,negative
"Trying to use the housing support office failed during submission subject to document verification, which needs attention.",negative
"Regarding the housing support office, trying to use the it made me wait for weeks during normal working hours.",negative
Trying to use the citizen grievance portal is difficult to use on a phone until further notice. This has delayed my request.,negative
"Trying to use the citizen grievance portal transferred me between departments in the next service cycle, which needs attention.",negative
"Regarding the district service centre, trying to use the it keeps showing an error after online registration.",negative
Trying to use the district service centre closed my complaint without a solution under the revised procedure. This has delayed my request.,negative
"Trying to use the water connection process did not explain the delay as part of the current programme, which needs attention.",negative
"Regarding the water connection process, trying to use the it has not responded to my request from the official service portal.",negative
Trying to use the benefit application system provided unclear instructions for residents in this area. This has delayed my request.,negative
"Trying to use the benefit application system asked for the same documents repeatedly for eligible applicants, which needs attention.",negative
"Regarding the municipal helpline, trying to use the it failed during submission subject to document verification.",negative
Trying to use the municipal helpline made me wait for weeks during normal working hours. This has delayed my request.,negative
"Trying to use the document upload page is difficult to use on a phone until further notice, which needs attention.",negative
"Regarding the document upload page, trying to use the it transferred me between departments in the next service cycle.",negative
I still have problems with the online application portal keeps showing an error after online registration. This has delayed my request.,negative
"I still have problems with the online application portal closed my complaint without a solution under the revised procedure, which needs attention.",negative
"Regarding the licence renewal service, i still have problems with the it did not explain the delay as part of the current programme.",negative
I still have problems with the licence renewal service has not responded to my request from the official service portal. This has delayed my request.,negative
"I still have problems with the public transport helpdesk provided unclear instructions for residents in this area, which needs attention.",negative
"Regarding the public transport helpdesk, i still have problems with the it asked for the same documents repeatedly for eligible applicants.",negative
I still have problems with the housing support office failed during submission subject to document verification. This has delayed my request.,negative
"I still have problems with the housing support office made me wait for weeks during normal working hours, which needs attention.",negative
"Regarding the citizen grievance portal, i still have problems with the it is difficult to use on a phone until further notice.",negative
I still have problems with the citizen grievance portal transferred me between departments in the next service cycle. This has delayed my request.,negative
"I still have problems with the district service centre keeps showing an error after online registration, which needs attention.",negative
"Regarding the district service centre, i still have problems with the it closed my complaint without a solution under the revised procedure.",negative
I still have problems with the water connection process did not explain the delay as part of the current programme. This has delayed my request.,negative
"I still have problems with the water connection process has not responded to my request from the official service portal, which needs attention.",negative
"Regarding the benefit application system, i still have problems with the it provided unclear instructions for residents in this area.",negative
I still have problems with the benefit application system asked for the same documents repeatedly for eligible applicants. This has delayed my request.,negative
"I still have problems with the municipal helpline failed during submission subject to document verification, which needs attention.",negative
"Regarding the municipal helpline, i still have problems with the it made me wait for weeks during normal working hours.",negative
I still have problems with the document upload page is difficult to use on a phone until further notice. This has delayed my request.,negative
"I still have problems with the document upload page transferred me between departments in the next service cycle, which needs attention.",negative
"Regarding the online application portal, for several days, the it keeps showing an error after online registration.",negative
"For several days, the online application portal closed my complaint without a solution under the revised procedure. This has delayed my request.",negative
"For several days, the licence renewal service did not explain the delay as part of the current programme, which needs attention.",negative
"Regarding the licence renewal service, for several days, the it has not responded to my request from the official service portal.",negative
"For several days, the public transport helpdesk provided unclear instructions for residents in this area. This has delayed my request.",negative
"For several days, the public transport helpdesk asked for the same documents repeatedly for eligible applicants, which needs attention.",negative
"Regarding the housing support office, for several days, the it failed during submission subject to document verification.",negative
"For several days, the housing support office made me wait for weeks during normal working hours. This has delayed my request.",negative
"For several days, the citizen grievance portal is difficult to use on a phone until further notice, which needs attention.",negative
"Regarding the citizen grievance portal, for several days, the it transferred me between departments in the next service cycle.",negative
"For several days, the district service centre keeps showing an error after online registration. This has delayed my request.",negative
"For several days, the district service centre closed my complaint without a solution under the revised procedure, which needs attention.",negative
"Regarding the water connection process, for several days, the it did not explain the delay as part of the current programme.",negative
"For several days, the water connection process has not responded to my request from the official service portal. This has delayed my request.",negative
"For several days, the benefit application system provided unclear instructions for residents in this area, which needs attention.",negative
"Regarding the benefit application system, for several days, the it asked for the same documents repeatedly for eligible applicants.",negative
"For several days, the municipal helpline failed during submission subject to document verification. This has delayed my request.",negative
"For several days, the municipal helpline made me wait for weeks during normal working hours, which needs attention.",negative
"Regarding the document upload page, for several days, the it is difficult to use on a phone until further notice.",negative
"For several days, the document upload page transferred me between departments in the next service cycle. This has delayed my request.",negative
"The current online application portal keeps showing an error after online registration, which needs attention.",negative
"Regarding the online application portal, the current it closed my complaint without a solution under the revised procedure.",negative
The current licence renewal service did not explain the delay as part of the current programme. This has delayed my request.,negative
"The current licence renewal service has not responded to my request from the official service portal, which needs attention.",negative
"Regarding the public transport helpdesk, the current it provided unclear instructions for residents in this area.",negative
The current public transport helpdesk asked for the same documents repeatedly for eligible applicants. This has delayed my request.,negative
"The current housing support office failed during submission subject to document verification, which needs attention.",negative
"Regarding the housing support office, the current it made me wait for weeks during normal working hours.",negative
The current citizen grievance portal is difficult to use on a phone until further notice. This has delayed my request.,negative
"The current citizen grievance portal transferred me between departments in the next service cycle, which needs attention.",negative
"Regarding the district service centre, the current it keeps showing an error after online registration.",negative
The current district service centre closed my complaint without a solution under the revised procedure. This has delayed my request.,negative
"The current water connection process did not explain the delay as part of the current programme, which needs attention.",negative
"Regarding the water connection process, the current it has not responded to my request from the official service portal.",negative
The current benefit application system provided unclear instructions for residents in this area. This has delayed my request.,negative
"The current benefit application system asked for the same documents repeatedly for eligible applicants, which needs attention.",negative
"Regarding the municipal helpline, the current it failed during submission subject to document verification.",negative
The current municipal helpline made me wait for weeks during normal working hours. This has delayed my request.,negative
"The current document upload page is difficult to use on a phone until further notice, which needs attention.",negative
"Regarding the document upload page, the current it transferred me between departments in the next service cycle.",negative
"Unfortunately, the online application portal keeps showing an error after online registration. This has delayed my request.",negative
"Unfortunately, the online application portal closed my complaint without a solution under the revised procedure, which needs attention.",negative
"Regarding the licence renewal service, unfortunately, the it did not explain the delay as part of the current programme.",negative
"Unfortunately, the licence renewal service has not responded to my request from the official service portal. This has delayed my request.",negative
"Unfortunately, the public transport helpdesk provided unclear instructions for residents in this area, which needs attention.",negative
"Regarding the public transport helpdesk, unfortunately, the it asked for the same documents repeatedly for eligible applicants.",negative
"Unfortunately, the housing support office failed during submission subject to document verification. This has delayed my request.",negative
"Unfortunately, the housing support office made me wait for weeks during normal working hours, which needs attention.",negative
"Regarding the citizen grievance portal, unfortunately, the it is difficult to use on a phone until further notice.",negative
"Unfortunately, the citizen grievance portal transferred me between departments in the next service cycle. This has delayed my request.",negative
"Unfortunately, the district service centre keeps showing an error after online registration, which needs attention.",negative
"Regarding the district service centre, unfortunately, the it closed my complaint without a solution under the revised procedure.",negative
"Unfortunately, the water connection process did not explain the delay as part of the current programme. This has delayed my request.",negative
"Unfortunately, the water connection process has not responded to my request from the official service portal, which needs attention.",negative
"Regarding the benefit application system, unfortunately, the it provided unclear instructions for residents in this area.",negative
"Unfortunately, the benefit application system asked for the same documents repeatedly for eligible applicants. This has delayed my request.",negative
"Unfortunately, the municipal helpline failed during submission subject to document verification, which needs attention.",negative
"Regarding the municipal helpline, unfortunately, the it made me wait for weeks during normal working hours.",negative
"Unfortunately, the document upload page is difficult to use on a phone until further notice. This has delayed my request.",negative
"Unfortunately, the document upload page transferred me between departments in the next service cycle, which needs attention.",negative
The department announced that the online application portal is available in selected districts after online registration.,neutral
The department announced that the online application portal accepts applications until the stated deadline under the revised procedure. The notice provides this information for applicants.,neutral
The department announced that the licence renewal service requires an identity document for registration as part of the current programme.,neutral
The department announced that the licence renewal service will open next Monday from the official service portal. The notice provides this information for applicants.,neutral
The department announced that the public transport helpdesk will be reviewed after six months for residents in this area.,neutral
The department announced that the public transport helpdesk has announced a public meeting for eligible applicants. The notice provides this information for applicants.,neutral
The department announced that the housing support office is listed on the department website subject to document verification.,neutral
The department announced that the housing support office has published revised guidance during normal working hours. The notice provides this information for applicants.,neutral
The department announced that the citizen grievance portal is scheduled for maintenance this weekend until further notice.,neutral
The department announced that the citizen grievance portal will issue notices by email in the next service cycle. The notice provides this information for applicants.,neutral
The department announced that the district service centre is available in selected districts after online registration.,neutral
The department announced that the district service centre accepts applications until the stated deadline under the revised procedure. The notice provides this information for applicants.,neutral
The department announced that the water connection process requires an identity document for registration as part of the current programme.,neutral
The department announced that the water connection process will open next Monday from the official service portal. The notice provides this information for applicants.,neutral
The department announced that the benefit application system will be reviewed after six months for residents in this area.,neutral
The department announced that the benefit application system has announced a public meeting for eligible applicants. The notice provides this information for applicants.,neutral
The department announced that the municipal helpline is listed on the department website subject to document verification.,neutral
The department announced that the municipal helpline has published revised guidance during normal working hours. The notice provides this information for applicants.,neutral
The department announced that the document upload page is scheduled for maintenance this weekend until further notice.,neutral
The department announced that the document upload page will issue notices by email in the next service cycle. The notice provides this information for applicants.,neutral
"According to the notice, the online application portal is available in selected districts after online registration.",neutral
"According to the notice, the online application portal accepts applications until the stated deadline under the revised procedure. The notice provides this information for applicants.",neutral
"According to the notice, the licence renewal service requires an identity document for registration as part of the current programme.",neutral
"According to the notice, the licence renewal service will open next Monday from the official service portal. The notice provides this information for applicants.",neutral
"According to the notice, the public transport helpdesk will be reviewed after six months for residents in this area.",neutral
"According to the notice, the public transport helpdesk has announced a public meeting for eligible applicants. The notice provides this information for applicants.",neutral
"According to the notice, the housing support office is listed on the department website subject to document verification.",neutral
"According to the notice, the housing support office has published revised guidance during normal working hours. The notice provides this information for applicants.",neutral
"According to the notice, the citizen grievance portal is scheduled for maintenance this weekend until further notice.",neutral
"According to the notice, the citizen grievance portal will issue notices by email in the next service cycle. The notice provides this information for applicants.",neutral
"According to the notice, the district service centre is available in selected districts after online registration.",neutral
"According to the notice, the district service centre accepts applications until the stated deadline under the revised procedure. The notice provides this information for applicants.",neutral
"According to the notice, the water connection process requires an identity document for registration as part of the current programme.",neutral
"According to the notice, the water connection process will open next Monday from the official service portal. The notice provides this information for applicants.",neutral
"According to the notice, the benefit application system will be reviewed after six months for residents in this area.",neutral
"According to the notice, the benefit application system has announced a public meeting for eligible applicants. The notice provides this information for applicants.",neutral
"According to the notice, the municipal helpline is listed on the department website subject to document verification.",neutral
"According to the notice, the municipal helpline has published revised guidance during normal working hours. The notice provides this information for applicants.",neutral
"According to the notice, the document upload page is scheduled for maintenance this weekend until further notice.",neutral
"According to the notice, the document upload page will issue notices by email in the next service cycle. The notice provides this information for applicants.",neutral
The website states that the online application portal is available in selected districts after online registration.,neutral
The website states that the online application portal accepts applications until the stated deadline under the revised procedure. The notice provides this information for applicants.,neutral
The website states that the licence renewal service requires an identity document for registration as part of the current programme.,neutral
The website states that the licence renewal service will open next Monday from the official service portal. The notice provides this information for applicants.,neutral
The website states that the public transport helpdesk will be reviewed after six months for residents in this area.,neutral
The website states that the public transport helpdesk has announced a public meeting for eligible applicants. The notice provides this information for applicants.,neutral
The website states that the housing support office is listed on the department website subject to document verification.,neutral
The website states that the housing support office has published revised guidance during normal working hours. The notice provides this information for applicants.,neutral
The website states that the citizen grievance portal is scheduled for maintenance this weekend until further notice.,neutral
The website states that the citizen grievance portal will issue notices by email in the next service cycle. The notice provides this information for applicants.,neutral
The website states that the district service centre is available in selected districts after online registration.,neutral
The website states that the district service centre accepts applications until the stated deadline under the revised procedure. The notice provides this information for applicants.,neutral
The website states that the water connection process requires an identity document for registration as part of the current programme.,neutral
The website states that the water connection process will open next Monday from the official service portal. The notice provides this information for applicants.,neutral
The website states that the benefit application system will be reviewed after six months for residents in this area.,neutral
The website states that the benefit application system has announced a public meeting for eligible applicants. The notice provides this information for applicants.,neutral
The website states that the municipal helpline is listed on the department website subject to document verification.,neutral
The website states that the municipal helpline has published revised guidance during normal working hours. The notice provides this information for applicants.,neutral
The website states that the document upload page is scheduled for maintenance this weekend until further notice.,neutral
The website states that the document upload page will issue notices by email in the next service cycle. The notice provides this information for applicants.,neutral
A recent circular says the online application portal is available in selected districts after online registration.,neutral
A recent circular says the online application portal accepts applications until the stated deadline under the revised procedure. The notice provides this information for applicants.,neutral
A recent circular says the licence renewal service requires an identity document for registration as part of the current programme.,neutral
A recent circular says the licence renewal service will open next Monday from the official service portal. The notice provides this information for applicants.,neutral
A recent circular says the public transport helpdesk will be reviewed after six months for residents in this area.,neutral
A recent circular says the public transport helpdesk has announced a public meeting for eligible applicants. The notice provides this information for applicants.,neutral
A recent circular says the housing support office is listed on the department website subject to document verification.,neutral
A recent circular says the housing support office has published revised guidance during normal working hours. The notice provides this information for applicants.,neutral
A recent circular says the citizen grievance portal is scheduled for maintenance this weekend until further notice.,neutral
A recent circular says the citizen grievance portal will issue notices by email in the next service cycle. The notice provides this information for applicants.,neutral
A recent circular says the district service centre is available in selected districts after online registration.,neutral
A recent circular says the district service centre accepts applications until the stated deadline under the revised procedure. The notice provides this information for applicants.,neutral
A recent circular says the water connection process requires an identity document for registration as part of the current programme.,neutral
A recent circular says the water connection process will open next Monday from the official service portal. The notice provides this information for applicants.,neutral
A recent circular says the benefit application system will be reviewed after six months for residents in this area.,neutral
A recent circular says the benefit application system has announced a public meeting for eligible applicants. The notice provides this information for applicants.,neutral
A recent circular says the municipal helpline is listed on the department website subject to document verification.,neutral
A recent circular says the municipal helpline has published revised guidance during normal working hours. The notice provides this information for applicants.,neutral
A recent circular says the document upload page is scheduled for maintenance this weekend until further notice.,neutral
A recent circular says the document upload page will issue notices by email in the next service cycle. The notice provides this information for applicants.,neutral
The service update confirms that the online application portal is available in selected districts after online registration.,neutral
The service update confirms that the online application portal accepts applications until the stated deadline under the revised procedure. The notice provides this information for applicants.,neutral
The service update confirms that the licence renewal service requires an identity document for registration as part of the current programme.,neutral
The service update confirms that the licence renewal service will open next Monday from the official service portal. The notice provides this information for applicants.,neutral
The service update confirms that the public transport helpdesk will be reviewed after six months for residents in this area.,neutral
The service update confirms that the public transport helpdesk has announced a public meeting for eligible applicants. The notice provides this information for applicants.,neutral
The service update confirms that the housing support office is listed on the department website subject to document verification.,neutral
The service update confirms that the housing support office has published revised guidance during normal working hours. The notice provides this information for applicants.,neutral
The service update confirms that the citizen grievance portal is scheduled for maintenance this weekend until further notice.,neutral
The service update confirms that the citizen grievance portal will issue notices by email in the next service cycle. The notice provides this information for applicants.,neutral
The service update confirms that the district service centre is available in selected districts after online registration.,neutral
The service update confirms that the district service centre accepts applications until the stated deadline under the revised procedure. The notice provides this information for applicants.,neutral
The service update confirms that the water connection process requires an identity document for registration as part of the current programme.,neutral
The service update confirms that the water connection process will open next Monday from the official service portal. The notice provides this information for applicants.,neutral
The service update confirms that the benefit application system will be reviewed after six months for residents in this area.,neutral
The service update confirms that the benefit application system has announced a public meeting for eligible applicants. The notice provides this information for applicants.,neutral
The service update confirms that the municipal helpline is listed on the department website subject to document verification.,neutral
The service update confirms that the municipal helpline has published revised guidance during normal working hours. The notice provides this information for applicants.,neutral
The service update confirms that the document upload page is scheduled for maintenance this weekend until further notice.,neutral
The service update confirms that the document upload page will issue notices by email in the next service cycle. The notice provides this information for applicants.,neutral
The public notice reports the online application portal is available in selected districts after online registration.,neutral
The public notice reports the online application portal accepts applications until the stated deadline under the revised procedure. The notice provides this information for applicants.,neutral
The public notice reports the licence renewal service requires an identity document for registration as part of the current programme.,neutral
The public notice reports the licence renewal service will open next Monday from the official service portal. The notice provides this information for applicants.,neutral
The public notice reports the public transport helpdesk will be reviewed after six months for residents in this area.,neutral
The public notice reports the public transport helpdesk has announced a public meeting for eligible applicants. The notice provides this information for applicants.,neutral
The public notice reports the housing support office is listed on the department website subject to document verification.,neutral
The public notice reports the housing support office has published revised guidance during normal working hours. The notice provides this information for applicants.,neutral
The public notice reports the citizen grievance portal is scheduled for maintenance this weekend until further notice.,neutral
The public notice reports the citizen grievance portal will issue notices by email in the next service cycle. The notice provides this information for applicants.,neutral
The public notice reports the district service centre is available in selected districts after online registration.,neutral
The public notice reports the district service centre accepts applications until the stated deadline under the revised procedure. The notice provides this information for applicants.,neutral
The public notice reports the water connection process requires an identity document for registration as part of the current programme.,neutral
The public notice reports the water connection process will open next Monday from the official service portal. The notice provides this information for applicants.,neutral
The public notice reports the benefit application system will be reviewed after six months for residents in this area.,neutral
The public notice reports the benefit application system has announced a public meeting for eligible applicants. The notice provides this information for applicants.,neutral
The public notice reports the municipal helpline is listed on the department website subject to document verification.,neutral
The public notice reports the municipal helpline has published revised guidance during normal working hours. The notice provides this information for applicants.,neutral
The public notice reports the document upload page is scheduled for maintenance this weekend until further notice.,neutral
The public notice reports the document upload page will issue notices by email in the next service cycle. The notice provides this information for applicants.,neutral
The department calendar shows the online application portal is available in selected districts after online registration.,neutral
The department calendar shows the online application portal accepts applications until the stated deadline under the revised procedure. The notice provides this information for applicants.,neutral
The department calendar shows the licence renewal service requires an identity document for registration as part of the current programme.,neutral
The department calendar shows the licence renewal service will open next Monday from the official service portal. The notice provides this information for applicants.,neutral
The department calendar shows the public transport helpdesk will be reviewed after six months for residents in this area.,neutral
The department calendar shows the public transport helpdesk has announced a public meeting for eligible applicants. The notice provides this information for applicants.,neutral
The department calendar shows the housing support office is listed on the department website subject to document verification.,neutral
The department calendar shows the housing support office has published revised guidance during normal working hours. The notice provides this information for applicants.,neutral
The department calendar shows the citizen grievance portal is scheduled for maintenance this weekend until further notice.,neutral
The department calendar shows the citizen grievance portal will issue notices by email in the next service cycle. The notice provides this information for applicants.,neutral
The department calendar shows the district service centre is available in selected districts after online registration.,neutral
The department calendar shows the district service centre accepts applications until the stated deadline under the revised procedure. The notice provides this information for applicants.,neutral
The department calendar shows the water connection process requires an identity document for registration as part of the current programme.,neutral
The department calendar shows the water connection process will open next Monday from the official service portal. The notice provides this information for applicants.,neutral
The department calendar shows the benefit application system will be reviewed after six months for residents in this area.,neutral
The department calendar shows the benefit application system has announced a public meeting for eligible applicants. The notice provides this information for applicants.,neutral
The department calendar shows the municipal helpline is listed on the department website subject to document verification.,neutral
The department calendar shows the municipal helpline has published revised guidance during normal working hours. The notice provides this information for applicants.,neutral
The department calendar shows the document upload page is scheduled for maintenance this weekend until further notice.,neutral
The department calendar shows the document upload page will issue notices by email in the next service cycle. The notice provides this information for applicants.,neutral
The information page explains that the online application portal is available in selected districts after online registration.,neutral
The information page explains that the online application portal accepts applications until the stated deadline under the revised procedure. The notice provides this information for applicants.,neutral
The information page explains that the licence renewal service requires an identity document for registration as part of the current programme.,neutral
The information page explains that the licence renewal service will open next Monday from the official service portal. The notice provides this information for applicants.,neutral
The information page explains that the public transport helpdesk will be reviewed after six months for residents in this area.,neutral
The information page explains that the public transport helpdesk has announced a public meeting for eligible applicants. The notice provides this information for applicants.,neutral
The information page explains that the housing support office is listed on the department website subject to document verification.,neutral
The information page explains that the housing support office has published revised guidance during normal working hours. The notice provides this information for applicants.,neutral
The information page explains that the citizen grievance portal is scheduled for maintenance this weekend until further notice.,neutral
The information page explains that the citizen grievance portal will issue notices by email in the next service cycle. The notice provides this information for applicants.,neutral
The information page explains that the district service centre is available in selected districts after online registration.,neutral
The information page explains that the district service centre accepts applications until the stated deadline under the revised procedure. The notice provides this information for applicants.,neutral
The information page explains that the water connection process requires an identity document for registration as part of the current programme.,neutral
The information page explains that the water connection process will open next Monday from the official service portal. The notice provides this information for applicants.,neutral
The information page explains that the benefit application system will be reviewed after six months for residents in this area.,neutral
The information page explains that the benefit application system has announced a public meeting for eligible applicants. The notice provides this information for applicants.,neutral
The information page explains that the municipal helpline is listed on the department website subject to document verification.,neutral
The information page explains that the municipal helpline has published revised guidance during normal working hours. The notice provides this information for applicants.,neutral
The information page explains that the document upload page is scheduled for maintenance this weekend until further notice.,neutral
The information page explains that the document upload page will issue notices by email in the next service cycle. The notice provides this information for applicants.,neutral
The announcement mentions the online application portal is available in selected districts after online registration.,neutral
The announcement mentions the online application portal accepts applications until the stated deadline under the revised procedure. The notice provides this information for applicants.,neutral
The announcement mentions the licence renewal service requires an identity document for registration as part of the current programme.,neutral
The announcement mentions the licence renewal service will open next Monday from the official service portal. The notice provides this information for applicants.,neutral
The announcement mentions the public transport helpdesk will be reviewed after six months for residents in this area.,neutral
The announcement mentions the public transport helpdesk has announced a public meeting for eligible applicants. The notice provides this information for applicants.,neutral
The announcement mentions the housing support office is listed on the department website subject to document verification.,neutral
The announcement mentions the housing support office has published revised guidance during normal working hours. The notice provides this information for applicants.,neutral
The announcement mentions the citizen grievance portal is scheduled for maintenance this weekend until further notice.,neutral
The announcement mentions the citizen grievance portal will issue notices by email in the next service cycle. The notice provides this information for applicants.,neutral
The announcement mentions the district service centre is available in selected districts after online registration.,neutral
The announcement mentions the district service centre accepts applications until the stated deadline under the revised procedure. The notice provides this information for applicants.,neutral
The announcement mentions the water connection process requires an identity document for registration as part of the current programme.,neutral
The announcement mentions the water connection process will open next Monday from the official service portal. The notice provides this information for applicants.,neutral
The announcement mentions the benefit application system will be reviewed after six months for residents in this area.,neutral
The announcement mentions the benefit application system has announced a public meeting for eligible applicants. The notice provides this information for applicants.,neutral
The announcement mentions the municipal helpline is listed on the department website subject to document verification.,neutral
The announcement mentions the municipal helpline has published revised guidance during normal working hours. The notice provides this information for applicants.,neutral
The announcement mentions the document upload page is scheduled for maintenance this weekend until further notice.,neutral
The announcement mentions the document upload page will issue notices by email in the next service cycle. The notice provides this information for applicants.,neutral
The office notification says the online application portal is available in selected districts after online registration.,neutral
The office notification says the online application portal accepts applications until the stated deadline under the revised procedure. The notice provides this information for applicants.,neutral
The office notification says the licence renewal service requires an identity document for registration as part of the current programme.,neutral
The office notification says the licence renewal service will open next Monday from the official service portal. The notice provides this information for applicants.,neutral
The office notification says the public transport helpdesk will be reviewed after six months for residents in this area.,neutral
The office notification says the public transport helpdesk has announced a public meeting for eligible applicants. The notice provides this information for applicants.,neutral
The office notification says the housing support office is listed on the department website subject to document verification.,neutral
The office notification says the housing support office has published revised guidance during normal working hours. The notice provides this information for applicants.,neutral
The office notification says the citizen grievance portal is scheduled for maintenance this weekend until further notice.,neutral
The office notification says the citizen grievance portal will issue notices by email in the next service cycle. The notice provides this information for applicants.,neutral
The office notification says the district service centre is available in selected districts after online registration.,neutral
The office notification says the district service centre accepts applications until the stated deadline under the revised procedure. The notice provides this information for applicants.,neutral
The office notification says the water connection process requires an identity document for registration as part of the current programme.,neutral
The office notification says the water connection process will open next Monday from the official service portal. The notice provides this information for applicants.,neutral
The office notification says the benefit application system will be reviewed after six months for residents in this area.,neutral
The office notification says the benefit application system has announced a public meeting for eligible applicants. The notice provides this information for applicants.,neutral
The office notification says the municipal helpline is listed on the department website subject to document verification.,neutral
The office notification says the municipal helpline has published revised guidance during normal working hours. The notice provides this information for applicants.,neutral
The office notification says the document upload page is scheduled for maintenance this weekend until further notice.,neutral
The office notification says the document upload page will issue notices by email in the next service cycle. The notice provides this information for applicants.,neutral
